start	end	original_pm	new_pm	is_dmr
0	11	14.856902356905454	0	1
11	19	2.1428571428575	0	1
19	24	1.111111111112	0	1
24	35	2.8472196252945454	0	1
35	40	1.0	0	1
40	48	0.0	0	1
48	56	34.003421492693754	0	1
56	68	33.69565217391334	0	1
68	72	1.5625	0	1
72	74	3.125	0	0
74	78	0.0	0	0
78	80	41.66666666665	0	1
80	82	0.0	0	1
82	96	23.61411736412143	0	1
96	99	0.0	0	0
