start	end	original_pm	new_pm	is_dmr
0	8	7.4652777777825	0.0	1
8	17	12.633744855966667	0.0	0
17	30	2.390828126123077	0.0	1
30	41	1.6306420851872725	0.0	1
41	55	19.43052656725357	0.0	1
55	68	31.103678929766154	0.0	1
68	78	1.25	0.0	1
78	86	29.629629629625	0.0	0
86	96	17.6893939394	0.0	0
96	99	0.0	0.0	1
